1279;[Аудио] lossless-аудиокниги;;;;
716;[Аудио] Бизнес;;;;
499;[Аудио] Детективы, приключения, триллеры, боевики;;;;
490;[Аудио] Детская литература;;;;
530;[Аудио] Другие традиционные религии;;;;
1036;[Аудио] Жизнь замечательных людей;;;;
399;[Аудио] Зарубежная литература;;;;
2388;[Аудио] Зарубежная фантастика, фэнтези, мистика, ужасы, фанфики;;;;
2342;[Аудио] Ислам;;;;
400;[Аудио] Историческая книга;;;;
401;[Аудио] Некондиционные раздачи;;;;
2152;[Аудио] Нетрадиционные религиозно-философские учения;;;;
695;[Аудио] Поэзия;;;;
2325;[Аудио] Православие;;;;
574;[Аудио] Радиоспектакли и литературные чтения;;;;
2165;[Аудио] Разное;;;;
2387;[Аудио] Российская фантастика, фэнтези, мистика, ужасы, фанфики;;;;
402;[Аудио] Русская литература;;;;
2348;[Аудио] Сборники/разное Фантастика, фэнтези, мистика, ужасы, фанфики;;;;
403;[Аудио] Учебная и научно-популярная литература;;;;
2107;[Видео Религия] Ислам;;;;
1453;[Видео Религия] Культы и новые религиозные движения;;;;
294;[Видео Религия] Религии Индии, Тибета и Восточной Азии;;;;
1475;[Видео Религия] Христианство;;;;
2537;[Видео Юмор] Stand-up comedy;;;;
1186;[Видео Юмор] Вечерний Квартал;;;;
1481;[Видео Юмор] Детские телешоу;;;;
1569;[Видео Юмор] Званый ужин;;;;
1959;[Видео Юмор] Интеллектуальные игры и викторины;;;;
113;[Видео Юмор] КВН;;;;
882;[Видео Юмор] Кривое Зеркало / Городок / В Городке;;;;
1482;[Видео Юмор] Ледовые шоу;;;;
393;[Видео Юмор] Музыкальные шоу;;;;
115;[Видео Юмор] Пост КВН;;;;
939;[Видео Юмор] Реалити и ток-шоу / номинации / показы;;;;
114;[Видео Юмор] Сатирики и юмористы;;;;
827;[Видео Юмор] Танцевальные шоу, концерты, выступления;;;;
532;[Видео Юмор] Украинские Шоу;;;;
137;[Видео Юмор] Фильмы со смешным переводом (пародии);;;;
373;[Видео Юмор] Хорошие Шутки;;;;
1484;[Видео Юмор] Цирк;;;;
1485;[Видео Юмор] Школа злословия;;;;
249;[Док] BBC;;;;
552;[Док] Discovery;;;;
500;[Док] National Geographic;;;;
2178;[Док] Аварии / Катастрофы / Катаклизмы;;;;
821;[Док] Авиация;;;;
2168;[Док] Альтернативная история и наука;;;;
1469;[Док] Архитектура и строительство;;;;
671;[Док] Биографии. Личности и кумиры;;;;
1280;[Док] Битва экстрасенсов / Теория невероятности / Искатели / Галилео;;;;
2160;[Док] Внежанровая документалистика;;;;
97;[Док] Военное дело;;;;
672;[Док] Всё о доме, быте и дизайне;;;;
851;[Док] Вторая мировая война;;;;
1467;[Док] Информационно-аналитические и общественно-политические передачи;;;;
2538;[Док] Искусство, история искусств;;;;
2112;[Док] История;Древний мир / Античность / Средневековье;;;
1327;[Док] История;Новое и Новейшее время;;;
2177;[Док] Кинематограф и мультипликация;;;;
2076;[Док] Космос;;;;
251;[Док] Криминальная документалистика;;;;
2159;[Док] Музыка;;;;
56;[Док] Научно-популярные фильмы;;;;
1114;[Док] Паранормальные явления;;;;
876;[Док] Путешествия и туризм;;;;
2176;[Док] Разное / некондиция;;;;
752;[Док] Русские сенсации / Программа Максимум / Профессия репортёр;;;;
2380;[Док] Социальные ток-шоу;;;;
98;[Док] Тайны века / Спецслужбы / Теории Заговоров;;;;
2123;[Док] Флора и фауна;;;;
1468;[Док] Эпоха СССР;;;;
271;24 часа / 24;;;;
1562;2D-графика;;;;
2109;3D Документальные фильмы;;;;
549;3D Кинофильмы;;;;
633;3D модели, сцены и материалы;;;;
1083;3D моделирование, рендеринг и плагины для них;;;;
1213;3D Мультфильмы;;;;
2097;3D Ролики, Музыкальное видео, Трейлеры к фильмам;;;;
514;3D Спорт;;;;
352;3D/Стерео Кино, Видео, TV и Спорт;;;;
1563;3D-графика;;;;
1767;3rd Wave Ska (lossy);;;;
1907;8-bit, Chiptune (lossy & lossless);;;;
55;Action;;;;
646;Action (Старые Игры);;;;
1654;Adobe Photoshop;;;;
1736;Alternative & Nu-metal (lossless);;;;
1737;Alternative & Nu-metal (lossy);;;;
1790;Alternative, Punk, Independent (DVD Video);;;;
1789;Alternative, Punk, Independent (Видео);;;;
2263;Alternative, Punk, Independent (Неофициальные DVD Video);;;;
1387;AMV и др. ролики;;;;
2329;AOR (Melodic Hard Rock, Arena rock) (lossless);;;;
2330;AOR (Melodic Hard Rock, Arena rock) (lossy);;;;
1656;Autodesk 3ds Max;;;;
1655;Autodesk Maya;;;;
1930;Autodesk Softimage (XSI);;;;
2282;Avant-Garde Jazz, Free Improvisation (lossless);;;;
1796;Avant-garde, Experimental Metal (lossless);;;;
1797;Avant-garde, Experimental Metal (lossy);;;;
2175;Avant-garde, Experimental Rock (lossless);;;;
2174;Avant-garde, Experimental Rock (lossy);;;;
2164;BBC, Discovery, National Geographic (HD Video);;;;
1719;Black (lossless);;;;
1778;Black (lossy);;;;
2293;Blues (Texas, Chicago, Modern and Others) (lossless);;;;
2292;Blues-rock (lossless);;;;
2278;Bop (lossless);;;;
1836;Breakbeat (lossless);;;;
1837;Breakbeat (lossy);;;;
1838;Breakbeat, Dubstep (Radioshows, Podcasts, Livesets, Mixes);;;;
1861;Chillout, Lounge, Downtempo (lossless);;;;
1862;Chillout, Lounge, Downtempo (lossy);;;;
1702;Classic Rock & Hard Rock (lossless);;;;
1703;Classic Rock & Hard Rock (lossy);;;;
960;Counter Strike Movies;;;;
1137;Country, Bluegrass (lossless);;;;
1136;Country, Bluegrass (lossy);;;;
1770;Dancehall, Raggamuffin (lossy);;;;
1866;Darkwave, Neoclassical, Ethereal, Dungeon Synth (lossless);;;;
406;Darkwave, Neoclassical, Ethereal, Dungeon Synth (lossy);;;;
1779;Death, Doom (lossless);;;;
1780;Death, Doom (lossy);;;;
2500;Disco, Italo-Disco, Euro-Disco, Hi-NRG (lossless);;;;
2501;Disco, Italo-Disco, Euro-Disco, Hi-NRG (lossy);;;;
2505;Disco, Italo-Disco, Euro-Disco, Hi-NRG (сборники) (lossy);;;;
1323;Documentary Wrestling;;;;
968;Dreamcast;;;;
1832;Drum & Bass, Jungle (lossless);;;;
1833;Drum & Bass, Jungle (lossy);;;;
1834;Drum & Bass, Jungle (Radioshows, Podcasts, Livesets, Mixes);;;;
1808;Drum & Bass, Jungle, Breakbeat, Dubstep, IDM, Electro;;;;
1771;Dub (lossy);;;;
1839;Dubstep (lossless);;;;
454;Dubstep (lossy);;;;
93;DVD Video;;;;
988;DVD Video (Музыка других жанров);;;;
1228;DVD Видео (Шансон и Авторская песня);;;;
2277;Early Jazz, Swing, Gypsy (lossless);;;;
1868;EBM, Dark Electro, Aggrotech (lossless);;;;
1875;EBM, Dark Electro, Aggrotech (lossy);;;;
797;Electro, Electro-Freestyle, Nu Electro (lossless);;;;
1805;Electro, Electro-Freestyle, Nu Electro (lossy);;;;
1746;Emocore, Post-hardcore, Metalcore (lossless);;;;
1747;Emocore, Post-hardcore, Metalcore (lossy);;;;
2531;Eurodance, Disco (DVD Video);;;;
2532;Eurodance, Disco (видео);;;;
2502;Eurodance, Euro-House, Technopop (lossless);;;;
2503;Eurodance, Euro-House, Technopop (lossy);;;;
2504;Eurodance, Euro-House, Technopop (сборники) (lossy);;;;
1869;Experimental (lossless);;;;
1873;Experimental (lossy);;;;
1932;Flash, Flex и ActionScript;;;;
1720;Folk, Pagan, Viking (lossless);;;;
798;Folk, Pagan, Viking (lossy);;;;
1706;Folk-Rock (lossless);;;;
1707;Folk-Rock (lossy);;;;
2283;Funk, Soul, R&B (lossless);;;;
1512;Garmin;;;;
1844;Goa Trance, Psy-Trance (lossless);;;;
1822;Goa Trance, Psy-Trance (lossy);;;;
460;Goa Trance, Psy-Trance, PsyChill, Ambient, Dub (Live Sets, Mixes) (lossy);;;;
1724;Gothic Metal (lossless);;;;
1725;Gothic Metal (lossy);;;;
1748;Gothic Rock & Dark Folk (lossless);;;;
1749;Gothic Rock & Dark Folk (lossy);;;;
1730;Grind, Brutal Death (lossless);;;;
1731;Grind, Brutal Death (lossy);;;;
1740;Hardcore (lossless);;;;
1741;Hardcore (lossy);;;;
1829;Hardcore, Hardstyle, Jumpstyle (lossless);;;;
1830;Hardcore, Hardstyle, Jumpstyle (lossy);;;;
1831;Hardcore, Hardstyle, Jumpstyle (vinyl, web);;;;
2198;HD Video;;;;
1726;Heavy, Power, Progressive (lossless);;;;
1727;Heavy, Power, Progressive (lossy);;;;
50;Horror;;;;
1857;House (lossless);;;;
1858;House (lossy);;;;
1859;House (Radioshow, Podcast, Liveset, Mixes);;;;
1860;House (Singles, EPs) (lossy);;;;
840;House (Проморелизы, сборники);;;;
2228;IBM PC несовместимые (Старые Игры);;;;
1840;IDM (lossless);;;;
1841;IDM (lossy);;;;
2229;IDM Discography & Collections (lossy);;;;
1516;Igo;;;;
2111;Independent Wrestling;;;;
1742;Indie, Post-Rock & Post-Punk (lossless);;;;
1743;Indie, Post-Rock & Post-Punk (lossy);;;;
1744;Industrial & Post-industrial (lossless);;;;
1745;Industrial & Post-industrial (lossy);;;;
1877;Industrial, Noise (lossless);;;;
1878;Industrial, Noise (lossy);;;;
1710;Instrumental Guitar Rock (lossless);;;;
1711;Instrumental Guitar Rock (lossy);;;;
1527;International Wrestling;;;;
2280;Jazz Fusion (lossless);;;;
2084;Klezmer и Еврейский фольклор (lossy и lossless);;;;
1842;Label Packs (lossless);;;;
1648;Label packs, Scene packs (lossy);;;;
2094;LIM-курсы;;;;
2155;Lineage II;;;;
2067;Lineage II Movies;;;;
1424;Mac OS; Linux, FreeBSD и прочие *NIX;;;
1368;Mac OS (для Macintosh);;;;
1383;Mac OS (для РС-Хакинтош);;;;
2279;Mainstream Jazz, Cool (lossless);;;;
1788;Metal (DVD Video);;;;
1787;Metal (Видео);;;;
2262;Metal (Неофициальные DVD Video);;;;
2142;Microsoft Flight Simulator и аддоны для него;;;;
1871;Modern Classical, Electroacoustic (lossless);;;;
1867;Modern Classical, Electroacoustic (lossy);;;;
2353;Modern Creative, Third Stream (lossless);;;;
2492;Multitracks;;;;
1515;Navigon / Navitel;;;;
283;NBA / NCAA (2000-2010 гг.);;;;
1997;NBA / NCAA (2010-2017 гг.);;;;
2002;NBA / NCAA (до 2000 г.);;;;
774;NDS;;;;
2351;New Age, Relax, Meditative & Flamenco (DVD и HD Видео);;;;
2513;New Age, Relax, Meditative & Flamenco (Hi-Res stereo и многоканальная музыка);;;;
2352;New Age, Relax, Meditative & Flamenco (Видео);;;;
1127;NewAge & Meditative (lossless);;;;
1126;NewAge & Meditative (lossy);;;;
2482;NoCD / NoDVD;;;;
1947;Nu Jazz, Acid Jazz, Future Jazz (lossless);;;;
1946;Nu Jazz, Acid Jazz, Future Jazz (lossy);;;;
2069;Oldschool Wrestling;;;;
887;Original Xbox;;;;
2103;OST;;;;
1500;OST;;;;
1388;OST (lossless);;;;
282;OST (mp3 и другие lossy-форматы);;;;
1513;Ozi;;;;
1290;Photostoсks;;;;
1708;Pop-Rock & Soft Rock (lossless);;;;
1709;Pop-Rock & Soft Rock (lossy);;;;
343;Professional Wrestling;;;;
1704;Progressive & Art-Rock (lossless);;;;
1705;Progressive & Art-Rock (lossy);;;;
908;PS;;;;
357;PS2;;;;
886;PS3;;;;
1352;PSP;;;;
973;PSVITA;;;;
1894;PsyChill, Ambient, Dub (lossless);;;;
1895;PsyChill, Ambient, Dub (lossy);;;;
1738;Punk (lossless);;;;
1739;Punk (lossy);;;;
1766;Punky-Reggae, Rocksteady-Punk, Ska Revival (lossy);;;;
1835;Rap, Hip-Hop, R'n'B, Reggae, Ska, Dub;;;;
1765;Reggae (lossy);;;;
1768;Reggae, Dancehall, Dub (lossless);;;;
1777;Reggae, Ska, Dub (DVD и HD Video);;;;
1775;Reggae, Ska, Dub (Видео);;;;
2233;Reggae, Ska, Dub (компиляции) (lossy и lossless);;;;
1783;Rock (DVD Video);;;;
1782;Rock (Видео);;;;
2261;Rock (Неофициальные DVD Video);;;;
1712;Rockabilly, Psychobilly, Rock'n'Roll (lossless);;;;
1713;Rockabilly, Psychobilly, Rock'n'Roll (lossy);;;;
1764;Rocksteady, Early Reggae, Ska-Jazz, Trad.Ska (lossy и lossless);;;;
2290;Roots, Pre-War Blues, Early R&B, Gospel (lossless);;;;
52;RPG;;;;
647;RPG (Старые Игры);;;;
2214;Rutracker Awards (Раздачи);;;;
1774;Ska, Ska-Punk, Ska-Jazz (lossless);;;;
1769;Ska-Punk, Ska-Core (lossy);;;;
1815;Sludge, Stoner, Post-Metal (lossless);;;;
1816;Sludge, Stoner, Post-Metal (lossy);;;;
2284;Smooth, Jazz-Pop (lossless);;;;
1880;Synthpop, New Wave (lossless);;;;
1881;Synthpop, New Wave (lossy);;;;
1825;Techno (lossless);;;;
1826;Techno (lossy);;;;
1827;Techno (Radioshows, Podcasts, Livesets, Mixes);;;;
1828;Techno (Singles, EPs) (lossy);;;;
1728;Thrash, Speed (lossless);;;;
1729;Thrash, Speed (lossy);;;;
1514;TomTom;;;;
2151;Top Gear/Топ Гир;;;;
1864;Traditional Electronic, Ambient (lossless);;;;
1865;Traditional Electronic, Ambient (lossy);;;;
1810;Traditional Electronic, Ambient, Modern Classical, Electroacoustic, Experimental;;;;
1818;Trance (lossless);;;;
1819;Trance (lossy);;;;
1824;Trance (Radioshows, Podcasts, Live Sets, Mixes) (lossy);;;;
1847;Trance (Singles, EPs) (lossy);;;;
1945;Trip Hop, Abstract Hip-Hop (lossless);;;;
1944;Trip Hop, Abstract Hip-Hop (lossy);;;;
2102;VMV и др. ролики;;;;
2285;Vocal Jazz (lossless);;;;
1564;Web-дизайн;;;;
773;Wii;;;;
2281;World Fusion, Ethnic Jazz (lossless);;;;
2117;World of Warcraft;;;;
2147;World of Warcraft Movies;;;;
1053;WYSIWYG Редакторы для веб-диза;;;;
510;Xbox 360;;;;
1931;ZBrush;;;;
922;Аватар;;;;
1100;Аватары, Иконки, Смайлы;;;;
2024;Авиация / Космонавтика;;;;
2527;Автоматизация / Робототехника;;;;
1224;Авторская песня (lossless);;;;
1225;Авторская песня (lossy);;;;
376;Авторские дебюты;;;;
1357;Авторские работы;;;;
962;Автосимуляторы и гонки;;;;
2227;Автосимуляторы и гонки (Старые Игры);;;;
256;Автоспорт;;;;
669;Автоспорт. Мотоспорт. Велоспорт;;;;
1408;Агент национальной безопасности;;;;
1535;Адвокат;;;;
2100;Азиатские сериалы;;;;
934;Азиатские фильмы;;;;
1576;Азиатские фильмы (DVD Video);;;;
2201;Азиатские фильмы (HD Video);;;;
1590;Айкидо и айки-дзюцу;;;;
944;Академическая музыка (Ноты и Media CD);;;;
1493;Актёры и актрисы латиноамериканских сериалов;;;;
1681;Альтернативные исторические теории;;;;
273;Альф / ALF;;;;
875;Американский футбол;;;;
743;Анатомия Грей / Grey's Anatomy + Частная Практика / Private Practice;;;;
1265;Английский язык (для взрослых);;;;
2358;Английский язык (для детей);;;;
1614;Англия;;;;
1084;Анимация;;;;
1577;Анимация (Арт-хаус и авторское кино);;;;
599;Аниме (DVD);;;;
1105;Аниме (HD Video);;;;
2491;Аниме (QC подраздел);;;;
1389;Аниме (основной подраздел);;;;
1391;Аниме (плеерный подраздел);;;;
2535;Аниме для iPod, iPhone, iPad;;;;
2186;Аниме для PSP;;;;
900;Аниме-игры;;;;
1038;Анти-шпионы и анти-трояны;;;;
1852;Апмиксы-Upmixes/Даунмиксы-Downmix;;;;
1673;Арабский язык;;;;
2431;Аранжировки музыки из игр (lossy и lossless);;;;
127;Аркады;;;;
642;Аркады (Старые Игры);;;;
124;Арт-хаус и авторское кино;;;;
572;Арт-хаус и авторское кино (DVD);;;;
2339;Арт-хаус и авторское кино (HD Video);;;;
2319;Археология;;;;
2101;Архив (азиатские сериалы);;;;
931;Архив (Мультсериалы);;;;
2369;Архив Зарубежные сериалы (HD Video);;;;
1030;Архиваторы и файловые менеджеры;;;;
2031;Архитектура / Строительство / Инженерные сети;;;;
2422;Астрология;;;;
2192;Астрономия;;;;
1508;Атласы и карты современные (после 1950 г.);;;;
1509;Атласы и карты старинные (до 1950 г.);;;;
148;Аудио;;;;
1495;Аудио и видео ролики (Приколы и юмор);;;;
1065;Аудио- и видео-, CD- проигрыватели и каталогизаторы;;;;
1372;Аудио редакторы и конвертеры (Mac OS);;;;
1909;Аудиокниги (AAC, ALAC);;;;
1501;Аудиокниги на английском языке;;;;
525;Аудиокниги на других иностранных языках;;;;
2413;Аудиокниги на иностранных языках;;;;
1580;Аудиокниги на немецком языке;;;;
1350;Аудиокниги по медицине;;;;
2124;Бадминтон/Настольный теннис;;;;
1990;Балет и современная хореография (Видео, DVD и HD Видео);;;;
1257;Бальные танцы;;;;
91;Бандитский Петербург;;;;
2004;Баскетбол;;;;
184;Баффи - Истребительница Вампиров / Buffy + Ангел / Angel;;;;
2073;Бейсбол;;;;
656;Бенефис. Мастера искусств отечественного Театра и Кино;;;;
2065;Беременность, роды, материнство;;;;
2079;Биатлон;;;;
1238;Библиотеки (зеркала сетевых библиотек/коллекций);;;;
1193;Библиотеки и проекты для архитекторов и дизайнеров интерьеров;;;;
2421;Библиотеки и саундбанки для сэмплеров, пресеты для синтезаторов;;;;
1674;Библиотеки сэмплов;;;;
764;Бизнес, менеджмент;;;;
1259;Бизнес, экономика и финансы;;;;
978;Бильярд;;;;
1278;Биографии. Личности и кумиры (HD Video);;;;
2027;Биология / Экология;;;;
2194;Бисероплетение. Ювелирика. Украшения из проволоки.;;;;
194;Блудливая Калифорния / Californication;;;;
2401;Блудливая Калифорния / Californication (HD Video);;;;
823;Богатые тоже плачут / Los Ricos Tambien Lloran;;;;
1546;Бодибилдинг;;;;
1188;Бодибилдинг/Силовые виды спорта;;;;
2056;Боевые искусства, единоборства;;;;
1667;Бокс;;;;
2485;Бонусные диски к играм;;;;
2418;Бумажный арт;;;;
85;Вавилон 5 / Babylon 5;;;;
1006;Вдова бланко / La Viuda de Blanco;;;;
1425;Веб-дизайн и программирование;;;;
1359;Веб-сериалы, Вебизоды к сериалам и Пилотные серии сериалов;;;;
877;Великолепный век / Muhtesem Yuzyil;;;;
262;Велоспорт;;;;
670;Вера и религия;;;;
2131;Ветеринария, разное;;;;
807;Видео;;;;
475;Видео (Музыка других жанров);;;;
1227;Видео (Шансон и Авторская песня);;;;
1090;Видео- Аудио- конверторы;;;;
1926;Видео для PS3 и других консолей;;;;
700;Видео для PSP;;;;
2487;Видео для PSVita;;;;
2185;Видео для консолей;;;;
286;Видео для мобильных (3GP);;;;
287;Видео для смартфонов и КПК;;;;
1552;Видео- и фотосъёмка;;;;
2415;Видеопрохождения игр;;;;
1980;Видеоуроки по вождению транспортных средств;;;;
1981;Видеоуроки по ремонту транспортных средств;;;;
1171;Викинги / Vikings;;;;
1669;Викинги / Vikings (HD Video);;;;
1587;Вин чун;;;;
1979;Виртуальная автошкола;;;;
1027;Виртуальные инструменты и синтезаторы;;;;
1204;Виртуальные студии, секвенсоры и аудиоредакторы;;;;
1417;Во все тяжкие / Breaking Bad;;;;
972;Во имя любви / Por Amor;;;;
334;Водный транспорт;;;;
2021;Военная история;;;;
1216;Военная песня (lossless);;;;
1223;Военная песня (lossy);;;;
1447;Военная техника;;;;
768;Военное дело;;;;
1281;Военное дело (HD Video);;;;
1356;Возвращение Мухтара;;;;
1144;Возвращение Шерлока Холмса / Return of Sherlock Holmes;;;;
2309;Вокальная и хоровая музыка (lossy);;;;
556;Вокальная музыка (lossless);;;;
1326;Волейбол/Гандбол;;;;
1400;Воспитание и развитие;;;;
2379;Восточноазиатская поп-музыка (DVD Video);;;;
1330;Восточноазиатская поп-музыка (lossless);;;;
1331;Восточноазиатская поп-музыка (lossy);;;;
2378;Восточноазиатская поп-музыка (Видео);;;;
1714;Восточноазиатский рок (lossless);;;;
1715;Восточноазиатский рок (lossy);;;;
1131;Восточноевропейский фолк (lossless);;;;
1130;Восточноевропейский фолк (lossy);;;;
2360;Восточные языки (для детей);;;;
1060;Всё для дома;кройка, шитьё, кулинария;;;
1511;Встроенная автомобильная навигация;;;;
1446;Вышивание;;;;
753;Вязание;;;;
1642;Гандам;;;;
2029;География / Геология / Геодезия;;;;
1630;Германия;;;;
595;Герои / Heroes;;;;
1470;Гимнастика/Соревнования по танцам;;;;
1507;ГИС (Геоинформационные системы);;;;
856;Глухарь / Пятницкий / Карпов;;;;
990;Гончие;;;;
635;Горячие Новинки;;;;
1235;Грайндхаус;;;;
1670;Грайндхаус DVD и HD Video;;;;
1428;Графика, обработка видео;;;;
1081;Графические редакторы;;;;
1247;Гриффины / Family guy;;;;
923;Губка Боб Квадратные Штаны;;;;
1680;Гуманитарные науки;;;;
188;Дарья Донцова;;;;
1605;Два с половиной человека / Two and a Half Men;;;;
2390;Два с половиной человека / Two and a Half Men (HD Video);;;;
781;Девушка по имени Судьба / Milagros;;;;
1288;Декстер / Dexter;;;;
2391;Декстер / Dexter (HD Video);;;;
1548;Дерево- и металлообработка;;;;
1520;Деревообработка;;;;
2044;Детектив, боевик;;;;
1666;Детские отечественные фильмы;;;;
2301;Джаз и Блюз;;;;
2304;Джаз и Блюз (DVD Видео);;;;
2306;Джаз и Блюз (HD Video);;;;
2302;Джаз и Блюз (Hi-Res stereo);;;;
2305;Джаз и Блюз (Видео);;;;
2303;Джаз и Блюз (многоканальная музыка);;;;
1594;Джиу-джитсу;;;;
1591;Дзюдо и самбо;;;;
1300;Дикий ангел / Muneca Brava;;;;
1694;Династия / Dynasty;;;;
2202;Дисковые приложения к игровым журналам;;;;
1101;Для детей, родителей и учителей;;;;
1248;Для некондиционных раздач;;;;
1537;Для некондиционных раздач;;;;
195;Для некондиционных раздач;;;;
128;Для самых маленьких;;;;
650;Для самых маленьких (Старые Игры);;;;
1690;Дневники вампира / The Vampire Diaries + Настоящая кровь / True Blood;;;;
2407;Доктор Кто / Doctor Who; Торчвуд / Torchwood (HD Video);;;
820;Доктор Кто / Doctor Who + Торчвуд / Torchwood;;;;
625;Доктор Хаус / House M.D.;;;;
2393;Доктор Хаус / House M.D. (HD Video);;;;
2082;Документальное видео HD для Apple TV;;;;
103;Документальные (DVD);;;;
314;Документальные (HD Video);;;;
709;Документальные фильмы (Арт-хаус и авторское кино);;;;
126;Документальные фильмы и аналитика;;;;
46;Документальные фильмы и телепередачи;;;;
2139;Документальные фильмы и телепередачи по медицине;;;;
1985;Документальные/познавательные фильмы;;;;
2034;Домашние питомцы и аквариумистика;;;;
1803;Донья Барбара / Dona Barbara;;;;
2179;Дорамы для PSP;;;;
1298;Дороги Индии / Caminho das &#205;ndias;;;
1353;Досуг и творчество;;;;
1536;Драйверы и прошивки;;;;
2434;Древний мир. Античность;;;;
1410;Другие виды декоративно-прикладного искусства;;;;
1275;Другие восточные языки;;;;
1268;Другие европейские языки;;;;
2359;Другие европейские языки (для детей);;;;
1555;Другие музыкальные инструменты;;;;
980;Другие направления (Ноты, табулатуры);;;;
1616;Другие национальные чемпионаты и кубки;;;;
1473;Другие ОС и ПО под них;;;;
1423;Другие программы;;;;
1374;Другие программы (Mac OS);;;;
54;Другие симуляторы;;;;
645;Другие симуляторы (Старые Игры);;;;
2392;Друзья / Friends (HD Video);;;;
84;Друзья / Friends + Джоуи / Joey;;;;
825;Дурнушка Бетти / Yo Soy Betty la Fea;;;;
1617;Еврокубки;;;;
1987;Еврокубки 2011-2015;;;;
1491;Еврокубки 2015-2016;;;;
2171;Еврокубки 2016-2017;;;;
1102;Европейские сериалы;;;;
2003;Европейский клубный баскетбол;;;;
2110;Естествознание, наука и техника (HD Video);;;;
2494;Железнодорожное дело;;;;
1431;Железо (книги о ПК);;;;
1606;Жена Иуды (Вино любви) / La Mujer de Judas;;;;
2039;Женский роман;;;;
1458;Жестокий ангел / Anjo Mau;;;;
1643;Живопись, Графика, Скульптура, Digital Art;;;;
2032;Журналы;научные, научно-популярные, радио и др.;;;
31;Журналы и газеты (общий раздел);;;;
1970;Журналы по авто/мото;;;;
623;За Гранью / Fringe;;;;
2370;За Гранью / Fringe (HD Video);;;;
1463;Замарашка / Cara Sucia;;;;
1133;Западноевропейский фолк (lossless);;;;
1132;Западноевропейский фолк (lossy);;;;
2041;Зарубежная литература (XX и XXI век);;;;
2042;Зарубежная литература (до 1900 г.);;;;
465;Зарубежная музыка других жанров (lossless);;;;
466;Зарубежная музыка других жанров (lossy);;;;
1444;Зарубежная поп-музыка;;;;
986;Зарубежная поп-музыка (DVD Video);;;;
429;Зарубежная поп-музыка (lossless);;;;
428;Зарубежная поп-музыка (lossy);;;;
431;Зарубежная поп-музыка (Видео);;;;
1362;Зарубежная поп-музыка (сборники) (lossy);;;;
2089;Зарубежная поп-музыка (Сборные концерты, док. видео) (Видео и DVD);;;;
2508;Зарубежная Поп-музыка, Шансон, Eurodance, Disco (HD Video);;;;
1756;Зарубежная рок-музыка;;;;
2080;Зарубежная фантастика / фэнтези / мистика;;;;
7;Зарубежное кино;;;;
101;Зарубежное кино (DVD);;;;
313;Зарубежное кино (HD Video);;;;
189;Зарубежные сериалы;;;;
2366;Зарубежные сериалы (HD Video);;;;
1665;Зарубежный R'n'B (lossless);;;;
1172;Зарубежный R'n'B (lossy);;;;
1174;Зарубежный R'n'B (Видео);;;;
2288;Зарубежный блюз (lossy);;;;
2289;Зарубежный блюз (сборники; Tribute VA) (lossless);;;
2287;Зарубежный джаз (lossy);;;;
909;Зарубежный Рэп, Хип-Хоп (lossless);;;;
446;Зарубежный Рэп, Хип-Хоп (lossy);;;;
442;Зарубежный Рэп, Хип-Хоп (Видео);;;;
2384;Зарубежный шансон (DVD Video);;;;
1452;Зарубежный шансон (lossless);;;;
1219;Зарубежный шансон (lossy);;;;
2383;Зарубежный шансон (Видео);;;;
2394;Звёздные Врата;СГ1 ; Атлантида ; Вселенная  (HD Video);
1798;Звёздные Врата;Атлантида; Вселенная / Stargate;Atlantis; Universe
106;Звёздные Врата;СГ1 / Stargate;SG1;;
2408;Звёздный крейсер Галактика / Battlestar Galactica; Каприка / Caprica (HD Video);;;
166;Звёздный крейсер Галактика / Battlestar Galactica + Каприка / Caprica;;;;
236;Звёздный путь / Star Trek;;;;
2395;Звёздный путь / Star Trek (HD Video);;;;
855;Звуки природы;;;;
185;Звуковые дорожки и Переводы;;;;
1010;Звуковые эффекты;;;;
2138;Здоровье;;;;
486;Зимние виды спорта;;;;
2447;Знаменитости и кумиры;;;;
2017;Игра на бас-гитаре;;;;
1554;Игра на гитаре;;;;
1449;Игра престолов / Game of Thrones;;;;
240;Игровое видео;;;;
2443;Игровые виды спорта;;;;
537;Игры (Mac OS);;;;
1116;Игры PS1 для PSP;;;;
2149;Игры для Android OS;;;;
546;Игры для DVD плеера;;;;
1003;Игры для iOS;;;;
1001;Игры для Java;;;;
899;Игры для Linux;;;;
1004;Игры для Symbian;;;;
5;Игры для Windows (раздачи);;;;
1002;Игры для Windows Mobile, Palm OS, BlackBerry и пр.;;;;
2420;Игры для Windows Phone 7,8;;;;
548;Игры для консолей;;;;
285;Игры, приложения и пр. для мобильных устройств;;;;
1041;Изменение интерфейса ОС Windows;;;;
1301;Индийские сериалы;;;;
505;Индийское кино;;;;
2220;Индийское кино DVD и HD Video;;;;
1626;Инженерные и научные программы (видеоуроки);;;;
1433;Инженерные и научные программы (книги);;;;
484;Иностранные короткометражные мультфильмы;;;;
2258;Иностранные короткометражные мультфильмы (DVD);;;;
209;Иностранные мультфильмы;;;;
521;Иностранные мультфильмы (DVD);;;;
1264;Иностранные языки для детей;;;;
450;Инструментальная поп-музыка;;;;
2439;Интерактивные обучающие и развивающие материалы;;;;
2323;Информационно-аналитические и общественно-политические (HD Video);;;;
1034;Информация и диагностика;;;;
1597;Йога;;;;
1684;Искусствоведение. Культурология;;;;
2216;Ислам;;;;
1623;Испания;;;;
1531;Испанские сериалы;;;;
1358;Испанский язык;;;;
1967;Исторические источники;;;;
2020;Исторические науки;;;;
2049;Исторические персоны;;;;
2166;История (HD Video);;;;
2452;История Азии и Африки;;;;
2445;История Америки, Австралии, Океании;;;;
2437;История Второй мировой войны;;;;
2427;История Европы;;;;
1459;История Золушки (Красивая Неудачница) / Bella Calamidades;;;;
2444;История Нового и Новейшего времени;;;;
2435;История России;;;;
2453;История стран бывшего СССР;;;;
1615;Италия;;;;
721;Итальянские сериалы;;;;
2363;Итальянский язык;;;;
310;Кадетство / Кремлёвские курсанты;;;;
2396;Как Я Встретил Вашу Маму ; Теория Большого Взрыва (HD Video);;;
507;Как Я Встретил Вашу Маму + Теория Большого Взрыва;;;;
202;Каменская;;;;
2311;Камерная и сольная инструментальная музыка (lossy);;;;
558;Камерная инструментальная музыка (lossless);;;;
782;Караоке (аудио);;;;
2377;Караоке (видео);;;;
1588;Каратэ;;;;
848;Картинки;;;;
1510;Карты прочие (астрономические, исторические, тематические);;;;
1526;Карты, снабженные программной оболочкой;;;;
1064;Каталогизаторы и просмотрщики графики;;;;
1461;Качорра / Kachorra;;;;
1008;"Квесты в стиле ""Поиск предметов""";;;;
941;Кино СССР;;;;
2157;Кино, театр, ТВ, мультипликация;;;;
717;Китайские сериалы с субтитрами;;;;
1269;Китайский язык;;;;
504;Клан Сопрано / The Sopranos;;;;
969;Классика в современной обработке, Classical Crossover (lossy и lossless);;;;
1660;Классика и классика в современной обработке;;;;
1884;Классика и классика в современной обработке (Hi-Res stereo);;;;
1164;Классика и классика в современной обработке (многоканальная музыка);;;;
187;Классика мирового кинематографа;;;;
905;Классика мирового кинематографа (DVD Video);;;;
2199;Классика мирового кинематографа (HD Video);;;;
984;Классическая музыка (DVD и HD Видео);;;;
445;Классическая музыка (Видео);;;;
1675;Классические единоборства;;;;
536;Клиника / Scrubs;;;;
2133;Клиническая медицина до 1980 г.;;;;
2313;Клиническая медицина после 2000 г.;;;;
2130;Клиническая медицина с 1980 по 2000 г.;;;;
718;Клон / O Clone;;;;
1498;Клятва / El Juramento;;;;
1977;Книги по ремонту/обслуживанию/эксплуатации ТС;;;;
935;Кодекс чести;;;;
2048;Коллекции книг и библиотеки;;;;
1412;Коллекционирование и вспомогательные ист. дисциплины;;;;
173;Коломбо / Columbo;;;;
862;Комиксы;;;;
2464;Комиксы других издательств;;;;
2463;Комиксы издательства DC;;;;
2462;Комиксы издательства Marvel;;;;
2473;Комиксы на других языках;;;;
2461;Комиксы на русском языке;;;;
918;Комиссар Рекс / Komissar Rex;;;;
1056;Компоненты для сред программирования;;;;
1418;Компьютерная литература;;;;
1556;Компьютерные видеоуроки и обучающие интерактивные DVD;;;;
1432;Компьютерные журналы и приложения к ним;;;;
1560;Компьютерные сети и безопасность;;;;
1759;Конверсии Blu-Ray;;;;
453;Конверсии Quadraphonic;;;;
1170;Конверсии SACD;;;;
2308;Концерт для инструмента с оркестром (lossless);;;;
915;Корейские сериалы с озвучкой;;;;
1242;Корейские сериалы с субтитрами;;;;
2459;Короткий метр;;;;
1543;Короткий метр (Арт-хаус и авторское кино);;;;
2365;Короткометражные мультфильмы (HD Video);;;;
961;Космические и авиасимуляторы;;;;
2226;Космические и авиасимуляторы (Старые Игры);;;;
920;Кости / Bones;;;;
2397;Кости / Bones (HD Video);;;;
1962;Костюмы для фотомонтажа;;;;
203;Косяки / Weeds;;;;
2398;Косяки / Weeds (HD Video);;;;
2195;Красота. Уход. Домоводство;;;;
2163;Криминальная документалистика (HD Video);;;;
2224;Кружевоплетение;;;;
1243;Крутой Уокер. Правосудие по-техасски / Walker, Texas Ranger;;;;
1568;Кулинария;;;;
2432;Кулинария (газеты и журналы);;;;
1961;Кулинария (книги);;;;
2441;Кулинария. Цветоводство. Домоводство;;;;
2442;Культура. Искусство. История;;;;
2007;КХЛ;;;;
907;Лалола / Lalola;;;;
1574;Латиноамериканские сериалы с озвучкой (раздачи папками);;;;
1539;Латиноамериканские сериалы с субтитрами;;;;
1477;Легкая атлетика. Плавание. Гимнастика. Тяжелая атлетика. Гребля;;;;
528;Лёгкая атлетика/Водные виды спорта;;;;
2525;Лингвистика;;;;
2193;Литературные журналы;;;;
2524;Литературоведение;;;;
2204;Логические игры;;;;
2385;Логические игры (Старые игры);;;;
1167;Любительские видеоклипы;;;;
808;Любительские фотографии;;;;
281;Манга;;;;
2465;Манга (на иностранных языках);;;;
1685;Маркетинг;;;;
2136;Массаж;;;;
140;Мастера Ужасов / Masters of Horror;;;;
2028;Математика;;;;
839;Материалы для создания меню и обложек DVD;;;;
2030;Машиностроение;;;;
2129;Медико-биологические науки;;;;
2135;Медицина и стоматология;;;;
2134;Медицинский софт;;;;
1801;Международные отношения. Дипломатия;;;;
2001;Международные соревнования;;;;
2006;Международные турниры;;;;
2014;Международные турниры;;;;
1226;Менестрели и ролевики (lossy и lossless);;;;
172;Мент в законе;;;;
2399;Менталист / The Mentalist; Касл / Castle (HD Video);;;
636;Менталист / The Mentalist + Касл / Castle;;;;
805;Ментовские войны;;;;
606;Место преступления / CSI;Crime Scene Investigation;;;
2400;Место преступления / CSI;Crime Scene Investigation (HD Video);;;
739;Металл (lossless);;;;
740;Металл (lossy);;;;
2254;Металлургия / Материаловедение;;;;
1349;Методология и философия исторической науки;;;;
2376;Механика, сопротивление материалов;;;;
2099;Милитария;;;;
1697;Мини-футбол/Пляжный футбол;;;;
468;Минусовки (lossy и lossless);;;;
776;Мисс Марпл / Miss Marple;;;;
2146;Миссии, трафик, звуки, паки и утилиты;;;;
2119;ММО (Неофициальные);;;;
2118;ММО (Официальные);;;;
754;Многопредметные коллекции (подборки);;;;
2521;Мода. Стиль. Этикет;;;;
565;Моделизм;;;;
992;Морена Клара / Morena Clara;;;;
181;Морская полиция;Спецотдел; Лос-Анджелес; Новый Орлеан;
1986;Мотоспорт;;;;
607;Моя вторая мама / Mi segunda Madre;;;;
80;Моя прекрасная няня;;;;
1927;Музыка Lossless (ALAC);;;;
2248;Музыка Lossy (AAC);;;;
2244;Музыка Lossy (AAC) (Singles, EPs);;;;
2240;Музыка Lossy (AAC-iTunes);;;;
2018;Музыка для бальных танцев (lossy и lossless);;;;
974;Музыка других жанров;;;;
2074;Музыкальная литература и Теория;;;;
2241;Музыкальное видео HD для Apple TV;;;;
2534;Музыкальное видео для iPod, iPhone, iPad;;;;
1954;Музыкальные библиотеки;;;;
2349;Музыкальные журналы;;;;
1203;Мультимедийки по ремонту/обслуживанию/эксплуатации ТС;;;;
2114;Мультимедийные и интерактивные издания;;;;
2438;Мультимедийные энциклопедии;;;;
1276;Мультиязычные сборники;;;;
921;Мультсериалы;;;;
930;Мультфильмы (HD Video);;;;
1363;Мультфильмы HD для Apple TV;;;;
863;Мультфильмы для iPod, iPhone, iPad;;;;
2180;Мультфильмы для PSP;;;;
880;Мюзикл (lossy и lossless);;;;
655;Мюзикл (Видео и DVD Video);;;;
594;Мятежный дух / Rebelde Way;;;;
1390;Наруто;;;;
775;Наследница / La Heredera;;;;
2424;Настольные игры;;;;
1019;Настольные ОС от Microsoft (выпущенные до Windows XP);;;;
2153;Настольные ОС от Microsoft (начиная с Windows XP);;;;
1992;Нативные игры для Linux;;;;
2528;Научная медицинская периодика (газеты и журналы);;;;
2337;Научно-популярная и познавательная литература (для детей);;;;
22;Наше кино;;;;
100;Наше кино (DVD);;;;
312;Наше кино (HD Video);;;;
1266;Немецкий язык;;;;
1974;Неоригинальные каталоги по подбору запчастей;;;;
965;Неофициальные и внежанровые сборники (lossy);;;;
2480;Неофициальные моды, плагины, дополнения;;;;
2331;Неофициальные саундтреки к играм (lossy);;;;
796;Неофициальные саундтреки к фильмам и сериалам (lossy);;;;
2132;Нетрадиционная, народная медицина и популярные книги о здоровье;;;;
2218;Нетрадиционные религиозные, духовные и мистические учения;;;;
770;Нефтяная, газовая и химическая промышленность;;;;
534;Никто, кроме тебя / Tu o Nadie;;;;
842;Новинки и сериалы в стадии показа;;;;
1596;Ножевой бой;;;;
1528;Нормативная документация;;;;
2005;НХЛ (до 2011/12);;;;
259;НХЛ (с 2013);;;;
751;Обзорные и аналитические передачи;;;;
1343;Обзорные и аналитические передачи 2014-2017;;;;
630;Обои;;;;
291;Обои и темы;;;;
1386;Обои, артбуки и др.;;;;
614;Образование;;;;
2440;Обучающие издания для детей;;;;
1958;ОБХОД БЛОКИРОВОК;;;;
2515;Общая и прикладная психология;;;;
1549;Оздоровительные практики;;;;
1499;Она написала убийство / Murder, She Wrote + Перри Мейсон / Perry Mason;;;;
983;Опера (DVD и HD Видео);;;;
794;Опера (lossless);;;;
702;Опера (Видео);;;;
1379;Операционные системы (Linux, Unix);;;;
1051;Оригинальные диски к компьютерам и комплектующим;;;;
1973;Оригинальные каталоги по подбору запчастей;;;;
557;Оркестровая музыка (lossless);;;;
2310;Оркестровая музыка (lossy);;;;
1570;ОС и программы семейства UNIX;;;;
1561;ОС и серверные программы Microsoft;;;;
81;Остаться в Живых / LOST;;;;
2402;Остаться в Живых / LOST (HD Video);;;;
119;Осторожно, Модерн!;;;;
464;Отечественная музыка других жанров (lossless);;;;
463;Отечественная музыка других жанров (lossy);;;;
239;Отечественная поп-музыка;;;;
1122;Отечественная поп-музыка (DVD Video);;;;
425;Отечественная поп-музыка (lossless);;;;
424;Отечественная поп-музыка (lossy);;;;
1121;Отечественная поп-музыка (Видео);;;;
1361;Отечественная поп-музыка (сборники) (lossy);;;;
2088;Отечественная поп-музыка (Сборные концерты, док. видео) (Видео и DVD);;;;
2426;Отечественная Поп-музыка, Шансон, Eurodance, Disco (HD Video);;;;
1758;Отечественная рок-музыка;;;;
1773;Отечественная ска-музыка (lossy и lossless);;;;
2045;Отечественная фантастика / фэнтези / мистика;;;;
208;Отечественные мультфильмы;;;;
1900;Отечественные мультфильмы (DVD);;;;
539;Отечественные полнометражные мультфильмы;;;;
1173;Отечественный R'n'B (lossy);;;;
1455;Отечественный R'n'B (Видео);;;;
2296;Отечественный блюз (lossless);;;;
2298;Отечественный блюз (lossy);;;;
2297;Отечественный джаз (lossless);;;;
2295;Отечественный джаз (lossy);;;;
1794;Отечественный Металл (DVD Video);;;;
1793;Отечественный Металл (Видео);;;;
1772;Отечественный реггей, даб (lossy и lossless);;;;
1792;Отечественный Рок, Панк, Альтернатива (DVD Video);;;;
1791;Отечественный Рок, Панк, Альтернатива (Видео);;;;
2264;Отечественный Рок, Панк, Альтернатива, Металл (Неофициальные DVD Video);;;;
441;Отечественный Рэп, Хип-Хоп (lossy);;;;
1189;Отечественный Рэп, Хип-Хоп (Видео);;;;
1486;Отечественный Рэп, Хип-Хоп, R'n'B (lossless);;;;
1220;Отечественный шансон (lossless);;;;
1221;Отечественный шансон (lossy);;;;
266;Отчаянные домохозяйки / Desperate Housewives;;;;
321;Отчеты о встречах;;;;
1375;Офисные программы (Mac OS);;;;
1653;Офисные программы Microsoft;;;;
1061;Офисные системы;;;;
1940;Официальные краткие версии Латиноамериканских сериалов;;;;
2479;Официальные моды, плагины, дополнения;;;;
2478;Официальные патчи;;;;
890;Официальные сборники векторных клипартов;;;;
1255;Охота;;;;
2433;Охота и рыбалка;;;;
1462;Падре Корахе / Padre Coraje;;;;
1678;Падший ангел / Mas Sabe el Diablo;;;;
812;Паутина;;;;
977;Песенники (Songbooks);;;;
2210;Пикап, знакомства;;;;
1199;Плагины для обработки звука;;;;
1080;Плагины для программ компании Adobe;;;;
2237;Плагины для программ компании Adobe (Mac OS);;;;
1035;ПО для защиты компьютера (Антивирусное ПО, Фаерволлы);;;;
252;Побег из тюрьмы / Prison Break;;;;
2403;Побег из тюрьмы / Prison Break (HD Video);;;;
404;Покемоны;;;;
1287;Покер;;;;
2022;Политология;;;;
560;Полные собрания сочинений и многодисковые издания (lossless);;;;
436;Полные собрания сочинений и многодисковые издания (lossy);;;;
1885;Поп-музыка (Hi-Res stereo);;;;
1163;Поп-музыка (многоканальная музыка);;;;
2314;Популярная медицинская периодика (газеты и журналы);;;;
1696;Популярная психология;;;;
129;Портативные и Консольные (Игры);;;;
2059;Портированные игры для Linux;;;;
1341;ПРАВОВЫЕ ВОПРОСЫ ПО БЛОКИРОВКЕ РЕСУРСА;;;;
1395;Православные песнопения (lossless);;;;
1396;Православные песнопения (lossy);;;;
904;Предательство / La Traicion;;;;
1460;Призрак Элены / El Fantasma de Elena;;;;
2047;Приключения;;;;
53;Приключения и квесты;;;;
643;Приключения и квесты (Старые Игры);;;;
2154;Приложения для Android OS;;;;
1005;Приложения для Java;;;;
289;Приложения для Symbian;;;;
290;Приложения для Windows Mobile, Palm OS, BlackBerry и пр.;;;;
2419;Приложения для Windows Phone 7,8;;;;
1523;Приусадебное хозяйство / Цветоводство;;;;
1565;Программирование (видеоуроки);;;;
1426;Программирование (книги);;;;
1381;Программное обеспечение (Linux, Unix);;;;
1079;Программные комплекты;;;;
1935;Программы для iOS;;;;
1559;Программы для Mac OS;;;;
1088;Программы для архитекторов и строителей;;;;
1082;Программы для верстки, печати и работы со шрифтами;;;;
1039;Программы для защиты информации;;;;
1066;Программы для интернет и сетей;;;;
1371;Программы для интернета и сетей (Mac OS);;;;
1031;Программы для настройки и оптимизации ОС;;;;
1394;Программы для просмотра и обработки видео (Mac OS);;;;
1016;Программы для работы с мультимедиа и 3D;;;;
1370;Программы для создания и обработки графики (Mac OS);;;;
1422;Программы от Microsoft;;;;
1975;Программы по диагностике и ремонту;;;;
816;Прожить жизнь / Viver a vida;;;;
815;Просто Мария / Simplemente Maria;;;;
2412;Прочие азиатские сериалы с озвучкой;;;;
830;Прочие векторные клипарты;;;;
829;Прочие растровые клипарты;;;;
1963;Прочие сборники футажей;;;;
1071;Прочие справочные системы;;;;
769;Прочие хобби;;;;
292;Прошивки для телефонов;;;;
865;Психоактивные аудиопрограммы;;;;
2517;Психодиагностика и психокоррекция;;;;
1260;Психология;;;;
2140;Психотерапия и клиническая психология;;;;
2516;Психотерапия и консультирование;;;;
147;Публикации и учебные материалы (тексты);;;;
2375;Публицистика, журналистика;;;;
2223;Путешествия и туризм;;;;
979;Путешествия и туризм (HD Video);;;;
1086;Работа с PDF и DjVu;;;;
1566;Работа с видео;;;;
1028;Работа с жёстким диском;;;;
1033;Работа с носителями информации;;;;
1585;Работа с оружием;;;;
1573;Работа со звуком;;;;
325;Рабыня Изаура / Escrava Isaura;;;;
1982;Развлекательные передачи;;;;
24;Развлекательные телепередачи и шоу, приколы и юмор;;;;
615;Разное;;;;
1595;Разное;;;;
10;Разное;;;;
1517;Разное - системы навигации и карты;;;;
1058;Разное (Веб-разработка и программирование);;;;
1274;Разное (иностранные языки);;;;
39;Разное (книги);;;;
1567;Разное (Компьютерные видеоуроки);;;;
835;Разное (Материалы для мультимедиа и дизайна);;;;
1025;Разное (Операционные системы от Microsoft);;;;
1092;Разное (Программы для работы с мультимедиа и 3D);;;;
1091;Разное (Программы для работы со звуком);;;;
1042;Разное (Системные программы под Windows);;;;
1073;Разное (Системы для бизнеса, офиса, научной и проектной работы);;;;
1937;Разное для iOS;;;;
831;Рамки и виньетки для оформления фотографий;;;;
1067;Распознавание текста, звука и синтез речи;;;;
2211;Растения и животные;;;;
1457;Реванш 2000 / Revanch 2000;;;;
263;Регби;;;;
1089;Редакторы видео;;;;
761;Редакторы, эмуляторы и прочие игровые утилиты;;;;
1029;Резервное копирование;;;;
2217;Религии Индии, Тибета и Восточной Азии / Иудаизм;;;;
2252;Религиоведение. История Религии. Атеизм;;;;
866;Релизы;;;;
1575;Ремонт, частное строительство, дизайн интерьеров;;;;
845;Рестлинг;;;;
1553;Рисование;;;;
765;Рисунок, графический дизайн;;;;
951;Рок на языках народов xUSSR (lossless);;;;
952;Рок на языках народов xUSSR (lossy);;;;
737;Рок, Панк, Альтернатива (lossless);;;;
738;Рок, Панк, Альтернатива (lossy);;;;
1795;Рок-музыка (HD Video);;;;
1755;Рок-музыка (Hi-Res stereo);;;;
1757;Рок-музыка (многоканальная музыка);;;;
2075;Россия 2015-2016;;;;
1952;Россия 2016-2017;;;;
1613;Россия/СССР;;;;
2484;Руководства и прохождения;;;;
2078;Рукопашный бой;;;;
2481;Русификаторы;;;;
2043;Русская литература;;;;
9;Русские сериалы;;;;
1586;Русский стиль;;;;
2364;Русский язык как иностранный;;;;
1479;Рыболовство и подводная охота;;;;
1107;Рэп, Хип-Хоп, R'n'B (DVD Video);;;;
2529;Рэп, Хип-Хоп, R'n'B (HD Видео);;;;
2145;Самолеты и вертолеты [FS2004];;;;
2012;Самолеты, вертолеты (FSX-P3D);;;;
2520;Саморазвитие и самосовершенствование;;;;
946;Самоучители и Школы;;;;
196;Санта Барбара / Santa Barbara;;;;
1087;САПР (общие и машиностроительные);;;;
1192;САПР (электроника, автоматика, ГАП);;;;
1625;Саундтреки;;;;
1397;Саундтреки (Hi-Res stereo и многоканальная музыка);;;;
416;Саундтреки и Караоке;;;;
786;Саундтреки к зарубежным фильмам (lossless);;;;
785;Саундтреки к зарубежным фильмам (lossy);;;;
784;Саундтреки к играм (lossless);;;;
783;Саундтреки к играм (lossy);;;;
691;Саундтреки к отечественным фильмам (lossless);;;;
469;Саундтреки к отечественным фильмам (lossy);;;;
2230;Сборники (lossless);;;;
2231;Сборники (lossy);;;;
2286;Сборники зарубежного джаза (lossless);;;;
731;Сборники зарубежного рока (lossless);;;;
1799;Сборники зарубежного рока (lossy);;;;
1098;Сборники Игр (Старые Игры);;;;
822;Сборники мультфильмов;;;;
1334;Сборники отечественного шансона (lossy);;;;
1351;Сборники песен для детей (lossy и lossless);;;;
212;Сборники фильмов;;;;
2526;Сварка / Пайка / Неразрушающий контроль;;;;
372;Сверхъестественное / Supernatural;;;;
2404;Сверхъестественное / Supernatural (HD Video);;;;
110;Секретные материалы / The X-Files;;;;
2405;Секретные материалы / The X-Files (HD Video);;;;
193;Секс в большом городе / Sex And The City;;;;
2253;Сексология. Взаимоотношения полов;;;;
2476;Сельское хозяйство и пищевая промышленность;;;;
1692;Семейные узы / Lacos de Familia;;;;
1040;Серверное ПО для Windows;;;;
1021;Серверные ОС от Microsoft;;;;
1032;Сервисное обслуживание компьютера;;;;
315;Сериалы HD для Apple TV;;;;
1214;Сериалы Австралии и Новой Зеландии;;;;
242;Сериалы Великобритании и Ирландии;;;;
864;Сериалы для iPod, iPhone, iPad;;;;
2181;Сериалы для PSP;;;;
911;Сериалы Латинской Америки, Турции и Индии;;;;
387;Сериалы совместного производства нескольких стран;;;;
1120;Сериалы стран Африки, Ближнего и Среднего Востока;;;;
235;Сериалы США и Канады;;;;
2489;Сетевые игры;;;;
1429;Сети / VoIP;;;;
924;Симпсоны;;;;
1373;Системные программы (Mac OS);;;;
1062;Системы для бизнеса;;;;
1063;Системы для научной работы;;;;
2077;Системы управления базами данных;;;;
819;Скандинавские сериалы;;;;
1411;Сканирование, обработка сканов;;;;
237;Скользящие / Sliders;;;;
265;Скорая помощь / ER;;;;
1636;Скринсейверы;;;;
1057;Скрипты и движки сайтов, CMS а также расширения к ним;;;;
1991;Скуби-ду / Scooby-Doo;;;;
175;След;;;;
1068;Словари, переводчики;;;;
257;Смешанные единоборства и K-1;;;;
1929;Смешанные стили;;;;
1540;Совершенная красота / Beleza pura;;;;
2509;Советская эстрада, Ретро (DVD Video);;;;
1634;Советская эстрада, Ретро (lossless);;;;
1635;Советская эстрада, Ретро (lossy);;;;
2510;Советская эстрада, Ретро (видео);;;;
1085;Создание BD/HD/DVD-видео;;;;
79;Солдаты и пр.;;;;
793;Сольная инструментальная музыка (lossless);;;;
288;Софт для работы с телефоном;;;;
2533;Сохранения для игр;;;;
2518;Социальная психология и психология отношений;;;;
2471;Социология;;;;
2470;Спецслужбы мира;;;;
1542;Спорт;;;;
1319;Спорт (видео);;;;
1802;Спорт, физическая культура, боевые искусства;;;;
2477;Спортивная пресса;;;;
2187;Спортивные симуляторы;;;;
2225;Спортивные симуляторы (Старые Игры);;;;
255;Спортивные турниры, фильмы и передачи;;;;
1117;Спрут / La Piovra;;;;
1683;Средние века;;;;
1055;Среды программирования, компиляторы и вспомогательные программы;;;;
2008;СССР - Канада;;;;
637;Старые Игры;;;;
1679;Стили, кисти, формы и узоры для Adobe Photoshop;;;;
51;Стратегии;;;;
644;Стратегии (Старые Игры);;;;
2468;Стрелковое оружие;;;;
1547;Строительство, ремонт и дизайн;;;;
1445;СУБД;;;;
2386;Схемы и сервис-мануалы (оригинальная документация);;;;
2060;Сценарии (FSX-P3D);;;;
2143;Сценарии, меши и аэропорты [FS2004];;;;
1938;Тайваньские сериалы с субтитрами;;;;
694;Тайны любви / Los Misterios del Amor;;;;
104;Тайны следствия;;;;
497;Тайны Смолвиля / Smallville;;;;
2406;Тайны Смолвиля / Smallville (HD Video);;;;
1258;Танец живота;;;;
677;Танцы, разное;;;;
121;Твин пикс / Twin Peaks;;;;
511;Театр;;;;
1054;Текстовые редакторы с подсветкой;;;;
2055;Тематические коллекции (подборки);;;;
2315;Тематические коллекции книг;;;;
550;Теннис;;;;
1983;Тест драйв/Обзоры/Автосалоны;;;;
1195;Тестовые диски для настройки аудио/видео аппаратуры;;;;
19;Тестовый форум;;;;
1998;Товарищеские турниры и матчи;;;;
925;Том и Джерри;;;;
2023;Точные, естественные и инженерные науки;;;;
1165;Трансформеры;;;;
847;Трейлеры и дополнительные материалы к фильмам;;;;
2519;Тренинг и коучинг;;;;
704;Турецкие сериалы;;;;
1976;Тюнинг, чиптюнинг, настройка;;;;
1984;Тюнинг/форсаж;;;;
123;Убойная сила / Менты / Опера;;;;
617;Ударные инструменты;;;;
1593;Ударные стили;;;;
2514;Украина;;;;
2208;Уличные и клубные танцы;;;;
1245;Утиные истории / DuckTales;;;;
1550;Уход за собой;;;;
745;Учебная литература для детского сада и начальной школы (до 4 класса);;;;
1689;Учебная литература для старших классов (5-11 класс);;;;
2469;Учебно-методическая литература;;;;
1254;Учебные видео для детей;;;;
1978;Учет, утилиты и прочее;;;;
2336;Учителям и педагогам;;;;
1592;Ушу;;;;
1949;Фаворитка / A Favorita;;;;
2203;Файтинги;;;;
2389;Фантастика, фэнтези, мистика, ужасы, фанфики;;;;
2141;Фармация и фармакология;;;;
854;Фигурное катание;;;;
2026;Физика;;;;
2191;Физкультура, фитнес, бодибилдинг;;;;
995;Философия;;;;
2221;Фильмы 1991-2000;;;;
2091;Фильмы 2001-2005;;;;
2092;Фильмы 2006-2010;;;;
2093;Фильмы 2011-2015;;;;
2200;Фильмы 2016-2017;;;;
1936;Фильмы HD для Apple TV;;;;
2540;Фильмы Ближнего Зарубежья;;;;
1908;Фильмы для iPod, iPhone, iPad;;;;
2182;Фильмы для PSP;;;;
2090;Фильмы до 1990 года;;;;
2472;Финансы;;;;
734;Финский язык;;;;
2335;Фитнес - Кардио-Силовые Тренировки;;;;
1544;Фитнес - Разум и Тело;;;;
1135;Фламенко и акустическая гитара (lossless);;;;
1134;Фламенко и акустическая гитара (lossy);;;;
2169;Флора и фауна (HD Video);;;;
1261;Фокусы и трюки;;;;
506;Фольклор, народная и этническая музыка;;;;
1142;Фольклор, Народная и Этническая музыка (DVD Video);;;;
2530;Фольклор, Народная и Этническая музыка (HD Видео);;;;
1141;Фольклор, Народная и Этническая музыка (Видео);;;;
2446;Фольклор. Эпос. Мифология;;;;
626;Формула 1;;;;
1551;Формула-1 2012-2015;;;;
660;Формула-1 2016;;;;
1664;Фото знаменитостей;;;;
2019;Фото и видеосъемка;;;;
2425;Франция;;;;
1267;Французский язык;;;;
1009;Футажи;;;;
2189;Футбол;;;;
1608;Футбол;;;;
928;Футурама / Futurama;;;;
1430;Хакинг и безопасность;;;;
295;Химия / Биохимия;;;;
2190;Хоккей;;;;
2009;Хоккей;;;;
2010;Хоккей с мячом / Бенди;;;;
2307;Хоровая музыка (lossless);;;;
2215;Христианство;;;;
1415;Худ. лит-ра для дошкольников и младших классов;;;;
2046;Худ. лит-ра для средних и старших классов;;;;
2327;Художественная литература;;;;
2038;Художественная литература;;;;
2057;Художественная литература (ин.языки);;;;
2355;Художественная литература на английском языке;;;;
2357;Художественная литература на восточных языках;;;;
2356;Художественная литература на других европейских языках;;;;
2474;Художественная литература на французском языке;;;;
1541;Цыганская кровь / Soy gitano;;;;
926;Человек-Паук / Новые приключения Человека-паука;;;;
1610;Чемпионат Европы 2016;;;;
1668;Чемпионат Мира 2018;;;;
1620;Чемпионаты Европы;;;;
1621;Чемпионаты Мира;;;;
1246;Черепашки Мутанты Ниндзя / Teenage Mutant Ninja Turtles;;;;
1250;Чип и Дейл / Chip And Dale;;;;
2483;Чит-программы и трейнеры;;;;
1018;Шаблоны для сайтов и CMS;;;;
1217;Шансон и авторская песня;;;;
278;Шахматы;;;;
2196;Шахматы. Шашки;;;;
2037;Шитье, пэчворк;;;;
2361;Школьные учебники, ЕГЭ;;;;
1011;Шрифты;;;;
1941;Шторм / La Tormenta;;;;
1427;Эзотерика, гадания, магия, фен-шуй;;;;
2209;Эзотерика, саморазвитие;;;;
1688;Экономика;;;;
260;Экстрим;;;;
1545;Экстрим;;;;
1436;Экстрим (книги);;;;
1325;Электроника / Радио;;;;
1754;Электронная музыка;;;;
1913;Электронная музыка (HD Video);;;;
1893;Электронная музыка (Hi-Res stereo);;;;
1912;Электронная музыка (Видео);;;;
1890;Электронная музыка (многоканальная музыка);;;;
1887;Электронная музыка (Неофициальные, любительские DVD Video);;;;
1886;Электронная музыка (Официальные DVD Video);;;;
2054;Энергетика / электротехника;;;;
2436;Эпоха СССР;;;;
134;Эркюль Пуаро / Hercule Poirot;;;;
246;Эротические игры;;;;
649;Эротические игры (Старые Игры);;;;
1138;Этническая музыка Австралии, Тихого и Индийского океанов (lossy и lossless);;;;
2085;Этническая музыка Африки и Ближнего Востока (lossless);;;;
1283;Этническая музыка Африки и Ближнего Востока (lossy);;;;
2430;Этническая музыка Индии (lossless);;;;
1856;Этническая музыка Индии (lossy);;;;
1282;Этническая музыка Кавказа и Закавказья (lossy и lossless);;;;
1285;Этническая музыка Северной и Южной Америки (lossless);;;;
1284;Этническая музыка Северной и Южной Америки (lossy);;;;
1129;Этническая музыка Сибири, Средней и Восточной Азии (lossless);;;;
1128;Этническая музыка Сибири, Средней и Восточной Азии (lossy);;;;
2320;Этнография, антропология;;;;
927;Южный Парк / South Park;;;;
1332;Юмористические аудиопередачи;;;;
1687;Юридические науки. Право. Криминалистика;;;;
893;Японские мультфильмы;;;;
1939;Японские сериалы с озвучкой;;;;
2104;Японские сериалы с субтитрами;;;;
1270;Японский язык;;;;
